{"stats":{"minecraft:custom":{"minecraft:jump":16,"minecraft:time_since_rest":3209,"minecraft:damage_dealt":323,"minecraft:damage_taken":530,"minecraft:leave_game":2,"minecraft:play_time":4775,"minecraft:sprint_one_cm":2352,"minecraft:time_since_death":3173,"minecraft:walk_one_cm":10300,"minecraft:deaths":1,"minecraft:total_world_time":4775,"minecraft:mob_kills":1,"minecraft:fall_one_cm":987,"minecraft:fly_one_cm":2229},"minecraft:killed_by":{"minecraft:creeper":1},"minecraft:mined":{"minecraft:grass":4,"minecraft:acacia_leaves":2},"minecraft:killed":{"minecraft:zombie":1}},"DataVersion":3465}