{"stats":{"minecraft:custom":{"minecraft:time_since_rest":1477,"minecraft:crouch_one_cm":8,"minecraft:play_time":11081,"minecraft:sprint_one_cm":8958,"minecraft:walk_one_cm":23859,"minecraft:damage_taken":256,"minecraft:deaths":1,"minecraft:sneak_time":26,"minecraft:drop":2,"minecraft:jump":109,"minecraft:damage_dealt":185,"minecraft:leave_game":1,"minecraft:time_since_death":1386,"minecraft:climb_one_cm":213,"minecraft:total_world_time":11081,"minecraft:fall_one_cm":1103,"minecraft:fly_one_cm":9007},"minecraft:killed_by":{"friendsandfoes:mauler":1},"minecraft:mined":{"minecraft:grass":24,"minecraft:grass_block":3,"minecraft:coarse_dirt":2},"minecraft:used":{"minecraft:dirt":3,"minecraft:coarse_dirt":2},"minecraft:dropped":{"minecraft:wheat_seeds":2},"minecraft:picked_up":{"minecraft:coarse_dirt":2,"minecraft:wheat_seeds":4,"minecraft:dirt":3}},"DataVersion":3465}