{"stats":{"minecraft:killed_by":{"friendsandfoes:mauler":1},"minecraft:mined":{"minecraft:acacia_log":1,"minecraft:grass":34,"minecraft:grass_block":3,"minecraft:coarse_dirt":2,"minecraft:torch":1},"minecraft:killed":{"friendsandfoes:mauler":1},"minecraft:picked_up":{"bewitchment:garlic":2,"minecraft:coarse_dirt":2,"minecraft:bone":2,"minecraft:torch":1,"minecraft:wheat_seeds":5,"minecraft:acacia_log":1,"minecraft:dirt":3},"minecraft:crafted":{"variantcraftingtables:acacia_crafting_table":1,"minecraft:acacia_planks":4},"minecraft:dropped":{"bewitchment:garlic":1,"minecraft:wheat_seeds":2,"minecraft:bone":2},"minecraft:used":{"minecraft:dirt":3,"minecraft:bread":1,"minecraft:coarse_dirt":2,"minecraft:torch":1,"bewitchment:garlic":1},"minecraft:custom":{"minecraft:damage_taken":346,"minecraft:time_since_rest":9307,"minecraft:crouch_one_cm":8,"minecraft:sprint_one_cm":19822,"minecraft:play_time":18911,"minecraft:deaths":1,"minecraft:walk_one_cm":41599,"minecraft:sneak_time":26,"minecraft:mob_kills":1,"minecraft:drop":5,"minecraft:jump":155,"minecraft:damage_dealt":238,"minecraft:leave_game":2,"minecraft:time_since_death":9216,"minecraft:climb_one_cm":348,"minecraft:total_world_time":18911,"minecraft:fall_one_cm":2533,"minecraft:fly_one_cm":14432}},"DataVersion":3465}