{"stats":{"minecraft:killed_by":{"minecraft:creeper":1,"minecraft:spider":1,"friendsandfoes:mauler":2,"minecraft:skeleton":1,"minecraft:zombie":1,"naturalist:elephant":1},"minecraft:mined":{"minecraft:white_bed":1,"minecraft:mossy_cobblestone":4,"universal_ores:andesite_iron_ore":3,"minecraft:cobblestone_stairs":1,"spectrum:budding_topaz":1,"minecraft:glow_lichen":1,"minecraft:acacia_log":100,"minecraft:grass_block":60,"spectrum:topaz_block":10,"minecraft:acacia_slab":11,"minecraft:furnace":6,"variantcraftingtables:acacia_crafting_table":10,"minecraft:acacia_trapdoor":1,"minecraft:iron_ore":11,"minecraft:acacia_stairs":33,"minecraft:pumpkin":1,"bewitchment:salt_ore":24,"minecraft:stone":129,"create:limestone":3,"twigs:opaline_seashell":1,"universal_ores:diorite_iron_ore":12,"minecraft:acacia_leaves":2,"twigs:pebble":1,"minecraft:lily_of_the_valley":1,"universal_ores:granite_iron_ore":1,"minecraft:torch":6,"minecraft:calcite":23,"minecraft:tall_grass":4,"farmersdelight:wild_tomatoes":1,"minecraft:oak_planks":3,"minecraft:diorite":13,"minecraft:wall_torch":10,"minecraft:coarse_dirt":5,"minecraft:wheat":2,"minecraft:magenta_bed":1,"diagonalfences:minecraft/acacia_fence":12,"minecraft:grass":57,"minecraft:oak_log":18,"minecraft:coal_ore":131,"minecraft:dirt":76,"minecraft:smooth_basalt":8,"minecraft:acacia_planks":10,"minecraft:oak_leaves":1,"minecraft:fern":1},"minecraft:killed":{"naturalist:lion":1,"naturalist:rattlesnake":1,"minecraft:witch":1,"promenade:duck":3,"minecraft:spider":4,"illagerinvasion:marauder":1,"bewitchment:ghost":1,"minecraft:skeleton":5,"naturalist:deer":1,"friendsandfoes:mauler":2,"minecraft:chicken":3,"naturalist:giraffe":1,"minecraft:salmon":3,"hybrid-aquatic:firefly_squid":1,"minecraft:creeper":2,"minecraft:squid":3,"minecraft:sheep":3,"minecraft:zombie":18,"minecraft:cow":13},"minecraft:picked_up":{"minecraft:coarse_dirt":5,"minecraft:wheat":1,"minecraft:chicken":3,"naturalist:venison":1,"hybrid-aquatic:raw_tentacle":3,"variantcraftingtables:acacia_crafting_table":10,"minecraft:string":5,"twigs:opaline_seashell":1,"twigs:pebble":1,"culturaldelights:cooked_squid":1,"minecraft:beef":25,"spectrum:topaz_block":9,"minecraft:calcite":22,"minecraft:furnace":6,"minecraft:raw_iron":27,"minecraft:acacia_fence":12,"minecraft:copper_ingot":2,"minecraft:torch":17,"minecraft:bowl":2,"minecraft:acacia_log":96,"minecraft:diorite":28,"minecraft:arrow":9,"minecraft:stone_sword":1,"bewitchment:garlic":2,"mythic_charms:experience_nugget":116,"minecraft:rotten_flesh":17,"culturaldelights:squid":3,"minecraft:white_wool":3,"minecraft:cobblestone":130,"minecraft:jungle_boat":1,"minecraft:feather":6,"minecraft:cooked_beef":1,"minecraft:salmon":2,"minecraft:leather":14,"minecraft:oak_log":17,"minecraft:acacia_boat":2,"minecraft:cobblestone_stairs":1,"bewitchment:aconite_seeds":5,"minecraft:dirt":146,"minecraft:white_banner":1,"minecraft:bone":12,"minecraft:acacia_planks":23,"minecraft:wheat_seeds":15,"minecraft:acacia_trapdoor":1,"bewitchment:mandrake_seeds":1,"bewitchment:aconite":1,"minecraft:stone_pickaxe":1,"twigs:twig":18,"minecraft:acacia_sapling":29,"minecraft:oak_planks":3,"minecraft:smooth_basalt":8,"minecraft:pumpkin":1,"promenade:duck":7,"bewitchment:belladonna_seeds":1,"bewitchment:salt":39,"minecraft:ink_sac":8,"minecraft:white_bed":1,"minecraft:lily_of_the_valley":1,"minecraft:acacia_stairs":34,"minecraft:spider_eye":4,"naturalist:antler":1,"minecraft:crossbow":1,"minecraft:bone_meal":1,"minecraft:oak_button":1,"bewitchment:ectoplasm":2,"minecraft:oak_sapling":5,"minecraft:acacia_slab":11,"minecraft:coal":131},"minecraft:crafted":{"minecraft:oak_planks":68,"minecraft:stone_shovel":1,"minecraft:cooked_chicken":3,"minecraft:furnace":3,"minecraft:acacia_fence_gate":1,"minecraft:cobblestone_stairs":12,"variantcraftingtables:acacia_crafting_table":2,"minecraft:bone_meal":3,"charm:oak_chest":1,"minecraft:iron_boots":1,"minecraft:stone_pickaxe":3,"minecraft:chest":1,"minecraft:acacia_fence":39,"friendsandfoes:copper_button":1,"minecraft:smoker":1,"minecraft:cooked_beef":24,"minecraft:acacia_slab":12,"minecraft:wooden_pickaxe":1,"culturaldelights:cooked_squid":3,"minecraft:iron_helmet":1,"minecraft:acacia_trapdoor":2,"promenade:cooked_duck":7,"minecraft:cooked_salmon":2,"minecraft:acacia_stairs":32,"minecraft:stone_axe":2,"minecraft:acacia_boat":1,"minecraft:air":0,"charm:acacia_chest":3,"minecraft:iron_chestplate":1,"minecraft:shield":1,"inmis:plated_backpack":1,"minecraft:stick":76,"minecraft:iron_ingot":51,"minecraft:stone_sword":2,"minecraft:acacia_door":3,"minecraft:iron_leggings":1,"inmis:frayed_backpack":1,"minecraft:acacia_planks":284,"minecraft:torch":8},"minecraft:dropped":{"minecraft:iron_ingot":3,"minecraft:wheat_seeds":11,"bewitchment:aconite_seeds":3,"minecraft:dirt":17,"minecraft:diorite":10,"bewitchment:garlic":1,"bewitchment:belladonna_seeds":1,"minecraft:bone":2,"minecraft:stone_sword":1,"minecraft:bowl":2,"minecraft:rotten_flesh":5,"minecraft:lily_of_the_valley":1,"charm:acacia_chest":1,"culturaldelights:cooked_squid":1,"minecraft:wooden_pickaxe":1,"minecraft:stone_pickaxe":1,"minecraft:calcite":2},"minecraft:broken":{"minecraft:stone_sword":1,"minecraft:stone_pickaxe":1,"minecraft:stone_axe":1},"minecraft:used":{"minecraft:stone_sword":221,"minecraft:acacia_log":21,"minecraft:stone_shovel":101,"minecraft:shield":43,"minecraft:cooked_salmon":2,"minecraft:cooked_chicken":3,"minecraft:iron_chestplate":1,"minecraft:torch":32,"minecraft:dirt":45,"minecraft:acacia_sapling":22,"farmersdelight:tomato":5,"minecraft:acacia_slab":20,"minecraft:iron_helmet":1,"spectrum:guidebook":4,"variantcraftingtables:acacia_crafting_table":11,"minecraft:furnace":8,"minecraft:acacia_fence":41,"minecraft:cooked_beef":21,"minecraft:acacia_planks":75,"bewitchment:garlic":1,"minecraft:wheat_seeds":2,"minecraft:acacia_boat":2,"minecraft:diorite":8,"minecraft:cobblestone_stairs":10,"minecraft:acacia_trapdoor":2,"minecraft:stone_pickaxe":365,"minecraft:wooden_pickaxe":22,"culturaldelights:cooked_squid":3,"minecraft:white_bed":1,"minecraft:smoker":1,"promenade:cooked_duck":7,"minecraft:acacia_stairs":65,"minecraft:apple":19,"minecraft:acacia_door":1,"minecraft:suspicious_stew":1,"minecraft:bread":7,"minecraft:oak_button":1,"minecraft:acacia_fence_gate":1,"minecraft:stone_axe":222,"minecraft:cobblestone":2,"charm:acacia_chest":2,"minecraft:coarse_dirt":5,"friendsandfoes:copper_button":1,"twigs:pebble":1},"minecraft:custom":{"minecraft:mob_kills":67,"minecraft:interact_with_crafting_table":48,"minecraft:leave_game":11,"minecraft:time_since_death":62509,"minecraft:climb_one_cm":2802,"minecraft:sprint_one_cm":645597,"minecraft:walk_one_cm":577548,"minecraft:damage_blocked_by_shield":1273,"minecraft:drop":36,"minecraft:play_time":282570,"minecraft:deaths":7,"minecraft:sneak_time":2172,"minecraft:walk_under_water_one_cm":15137,"minecraft:boat_one_cm":72416,"minecraft:jump":4500,"minecraft:walk_on_water_one_cm":8669,"minecraft:total_world_time":282570,"minecraft:interact_with_furnace":47,"minecraft:sleep_in_bed":8,"minecraft:time_since_rest":17507,"minecraft:damage_taken":4875,"minecraft:damage_dealt":9616,"minecraft:swim_one_cm":23578,"minecraft:fly_one_cm":641370,"minecraft:open_chest":37,"minecraft:crouch_one_cm":5900,"minecraft:interact_with_smoker":3,"minecraft:fall_one_cm":104093}},"DataVersion":3465}