{"stats":{"minecraft:killed_by":{"friendsandfoes:mauler":1},"minecraft:mined":{"minecraft:grass":26,"minecraft:grass_block":3,"minecraft:coarse_dirt":2},"minecraft:picked_up":{"minecraft:bone":2,"minecraft:coarse_dirt":2,"bewitchment:garlic":1,"minecraft:wheat_seeds":5,"minecraft:dirt":3},"minecraft:dropped":{"bewitchment:garlic":1,"minecraft:wheat_seeds":2,"minecraft:bone":2},"minecraft:used":{"minecraft:dirt":3,"minecraft:coarse_dirt":2},"minecraft:custom":{"minecraft:time_since_rest":7079,"minecraft:damage_taken":266,"minecraft:crouch_one_cm":8,"minecraft:sprint_one_cm":16837,"minecraft:play_time":16683,"minecraft:deaths":1,"minecraft:walk_one_cm":32802,"minecraft:sneak_time":26,"minecraft:drop":5,"minecraft:jump":137,"minecraft:damage_dealt":195,"minecraft:leave_game":1,"minecraft:time_since_death":6988,"minecraft:climb_one_cm":348,"minecraft:total_world_time":16683,"minecraft:fall_one_cm":2266,"minecraft:fly_one_cm":11448}},"DataVersion":3465}