{"stats":{"minecraft:killed_by":{"minecraft:creeper":1,"minecraft:spider":1,"friendsandfoes:mauler":2,"minecraft:skeleton":1,"minecraft:zombie":1,"naturalist:elephant":1},"minecraft:mined":{"minecraft:mossy_cobblestone":4,"universal_ores:andesite_iron_ore":3,"minecraft:cobblestone_stairs":1,"spectrum:budding_topaz":1,"minecraft:glow_lichen":1,"minecraft:acacia_log":92,"minecraft:grass_block":60,"spectrum:topaz_block":10,"minecraft:acacia_slab":11,"minecraft:furnace":6,"variantcraftingtables:acacia_crafting_table":9,"minecraft:acacia_trapdoor":1,"minecraft:iron_ore":11,"minecraft:acacia_stairs":33,"bewitchment:salt_ore":24,"minecraft:stone":119,"create:limestone":3,"universal_ores:diorite_iron_ore":12,"minecraft:acacia_leaves":2,"twigs:pebble":1,"universal_ores:granite_iron_ore":1,"minecraft:torch":6,"minecraft:calcite":23,"minecraft:tall_grass":4,"farmersdelight:wild_tomatoes":1,"minecraft:oak_planks":3,"minecraft:diorite":13,"minecraft:wall_torch":8,"minecraft:coarse_dirt":5,"minecraft:wheat":2,"minecraft:magenta_bed":1,"diagonalfences:minecraft/acacia_fence":12,"minecraft:grass":56,"minecraft:oak_log":18,"minecraft:coal_ore":97,"minecraft:dirt":76,"minecraft:smooth_basalt":8,"minecraft:acacia_planks":10,"minecraft:oak_leaves":1,"minecraft:fern":1},"minecraft:killed":{"promenade:duck":3,"minecraft:spider":2,"bewitchment:ghost":1,"minecraft:skeleton":4,"naturalist:deer":1,"friendsandfoes:mauler":2,"minecraft:chicken":3,"naturalist:giraffe":1,"minecraft:creeper":1,"minecraft:sheep":3,"minecraft:zombie":14,"minecraft:cow":13},"minecraft:picked_up":{"minecraft:coarse_dirt":5,"minecraft:wheat":1,"minecraft:chicken":3,"naturalist:venison":1,"variantcraftingtables:acacia_crafting_table":9,"minecraft:string":3,"twigs:pebble":1,"minecraft:beef":25,"spectrum:topaz_block":9,"minecraft:calcite":22,"minecraft:furnace":6,"minecraft:raw_iron":27,"minecraft:acacia_fence":12,"minecraft:acacia_log":90,"minecraft:torch":14,"minecraft:bowl":2,"minecraft:diorite":28,"mythic_charms:experience_nugget":90,"bewitchment:garlic":2,"minecraft:stone_sword":1,"minecraft:arrow":8,"minecraft:rotten_flesh":13,"minecraft:white_wool":3,"minecraft:cobblestone":120,"minecraft:feather":6,"minecraft:cooked_beef":1,"minecraft:leather":14,"minecraft:oak_log":17,"minecraft:cobblestone_stairs":1,"minecraft:acacia_boat":2,"bewitchment:aconite_seeds":5,"minecraft:dirt":130,"minecraft:bone":11,"minecraft:acacia_planks":23,"minecraft:wheat_seeds":13,"minecraft:acacia_trapdoor":1,"bewitchment:aconite":1,"bewitchment:mandrake_seeds":1,"minecraft:stone_pickaxe":1,"minecraft:acacia_sapling":27,"twigs:twig":18,"minecraft:oak_planks":3,"minecraft:smooth_basalt":8,"promenade:duck":7,"bewitchment:salt":39,"minecraft:white_bed":1,"minecraft:acacia_stairs":34,"minecraft:spider_eye":2,"naturalist:antler":1,"bewitchment:ectoplasm":2,"minecraft:oak_sapling":5,"minecraft:acacia_slab":11,"minecraft:coal":94},"minecraft:crafted":{"minecraft:oak_planks":68,"minecraft:stone_shovel":1,"minecraft:cooked_chicken":3,"minecraft:furnace":3,"minecraft:acacia_fence_gate":1,"minecraft:cobblestone_stairs":12,"variantcraftingtables:acacia_crafting_table":2,"charm:oak_chest":1,"minecraft:stone_pickaxe":3,"minecraft:chest":1,"minecraft:acacia_fence":39,"minecraft:cooked_beef":24,"minecraft:acacia_slab":12,"minecraft:wooden_pickaxe":1,"minecraft:acacia_trapdoor":2,"promenade:cooked_duck":7,"minecraft:acacia_stairs":32,"minecraft:stone_axe":2,"minecraft:acacia_boat":1,"minecraft:air":0,"charm:acacia_chest":3,"minecraft:iron_chestplate":1,"minecraft:shield":1,"inmis:plated_backpack":1,"minecraft:stick":76,"minecraft:iron_ingot":16,"minecraft:stone_sword":2,"minecraft:acacia_door":3,"inmis:frayed_backpack":1,"minecraft:acacia_planks":276,"minecraft:torch":8},"minecraft:dropped":{"minecraft:iron_ingot":3,"minecraft:wheat_seeds":11,"bewitchment:aconite_seeds":3,"minecraft:dirt":17,"minecraft:diorite":10,"bewitchment:garlic":1,"minecraft:bone":2,"minecraft:stone_sword":1,"minecraft:bowl":2,"minecraft:rotten_flesh":3,"charm:acacia_chest":1,"minecraft:stone_pickaxe":1,"minecraft:wooden_pickaxe":1,"minecraft:calcite":2},"minecraft:broken":{"minecraft:stone_sword":1,"minecraft:stone_pickaxe":1,"minecraft:stone_axe":1},"minecraft:used":{"minecraft:stone_sword":154,"minecraft:acacia_log":21,"minecraft:stone_shovel":101,"minecraft:shield":36,"minecraft:cooked_chicken":3,"minecraft:iron_chestplate":1,"minecraft:torch":26,"minecraft:dirt":45,"minecraft:acacia_sapling":22,"minecraft:acacia_slab":20,"spectrum:guidebook":4,"variantcraftingtables:acacia_crafting_table":10,"minecraft:furnace":8,"minecraft:acacia_fence":41,"minecraft:cooked_beef":20,"minecraft:acacia_planks":75,"bewitchment:garlic":1,"minecraft:wheat_seeds":2,"minecraft:acacia_boat":2,"minecraft:diorite":4,"minecraft:cobblestone_stairs":10,"minecraft:acacia_trapdoor":2,"minecraft:stone_pickaxe":321,"minecraft:wooden_pickaxe":22,"minecraft:white_bed":1,"promenade:cooked_duck":7,"minecraft:acacia_stairs":65,"minecraft:apple":6,"minecraft:acacia_door":1,"minecraft:bread":7,"minecraft:suspicious_stew":1,"minecraft:acacia_fence_gate":1,"minecraft:stone_axe":210,"minecraft:cobblestone":2,"charm:acacia_chest":2,"twigs:pebble":1,"minecraft:coarse_dirt":5},"minecraft:custom":{"minecraft:mob_kills":48,"minecraft:interact_with_crafting_table":44,"minecraft:leave_game":9,"minecraft:time_since_death":20557,"minecraft:climb_one_cm":2546,"minecraft:sprint_one_cm":523208,"minecraft:walk_one_cm":479354,"minecraft:damage_blocked_by_shield":993,"minecraft:drop":32,"minecraft:play_time":240618,"minecraft:deaths":7,"minecraft:sneak_time":1931,"minecraft:walk_under_water_one_cm":271,"minecraft:boat_one_cm":35384,"minecraft:jump":3943,"minecraft:walk_on_water_one_cm":2080,"minecraft:total_world_time":240618,"minecraft:interact_with_furnace":38,"minecraft:sleep_in_bed":6,"minecraft:time_since_rest":12510,"minecraft:damage_taken":4087,"minecraft:damage_dealt":6726,"minecraft:swim_one_cm":8386,"minecraft:fly_one_cm":519626,"minecraft:open_chest":35,"minecraft:crouch_one_cm":5800,"minecraft:fall_one_cm":85457}},"DataVersion":3465}