{"stats":{"minecraft:killed_by":{"friendsandfoes:mauler":2,"minecraft:skeleton":1,"minecraft:zombie":1,"naturalist:elephant":1},"minecraft:mined":{"minecraft:mossy_cobblestone":4,"minecraft:cobblestone_stairs":1,"spectrum:budding_topaz":1,"minecraft:glow_lichen":1,"minecraft:acacia_log":92,"minecraft:grass_block":59,"spectrum:topaz_block":10,"minecraft:acacia_slab":11,"minecraft:furnace":6,"variantcraftingtables:acacia_crafting_table":8,"minecraft:acacia_trapdoor":1,"minecraft:iron_ore":8,"minecraft:acacia_stairs":33,"bewitchment:salt_ore":23,"minecraft:stone":109,"create:limestone":3,"universal_ores:diorite_iron_ore":12,"minecraft:acacia_leaves":2,"twigs:pebble":1,"minecraft:torch":5,"minecraft:calcite":23,"minecraft:tall_grass":4,"farmersdelight:wild_tomatoes":1,"minecraft:oak_planks":3,"minecraft:diorite":13,"minecraft:wall_torch":6,"minecraft:coarse_dirt":5,"minecraft:wheat":1,"minecraft:magenta_bed":1,"diagonalfences:minecraft/acacia_fence":12,"minecraft:grass":53,"minecraft:oak_log":18,"minecraft:coal_ore":55,"minecraft:dirt":71,"minecraft:smooth_basalt":8,"minecraft:acacia_planks":10,"minecraft:fern":1},"minecraft:killed":{"promenade:duck":3,"minecraft:spider":1,"bewitchment:ghost":1,"minecraft:skeleton":2,"naturalist:deer":1,"friendsandfoes:mauler":2,"minecraft:chicken":3,"naturalist:giraffe":1,"minecraft:sheep":3,"minecraft:zombie":7,"minecraft:cow":13},"minecraft:picked_up":{"minecraft:coarse_dirt":5,"minecraft:chicken":3,"naturalist:venison":1,"variantcraftingtables:acacia_crafting_table":8,"minecraft:string":2,"twigs:pebble":1,"minecraft:beef":25,"spectrum:topaz_block":9,"minecraft:calcite":22,"minecraft:furnace":6,"minecraft:raw_iron":20,"minecraft:acacia_fence":12,"minecraft:acacia_log":90,"minecraft:torch":11,"minecraft:bowl":2,"minecraft:diorite":13,"mythic_charms:experience_nugget":59,"bewitchment:garlic":2,"minecraft:stone_sword":1,"minecraft:arrow":3,"minecraft:rotten_flesh":9,"minecraft:white_wool":3,"minecraft:cobblestone":110,"minecraft:feather":6,"minecraft:cooked_beef":1,"minecraft:leather":14,"minecraft:oak_log":17,"minecraft:cobblestone_stairs":1,"minecraft:acacia_boat":2,"bewitchment:aconite_seeds":2,"minecraft:dirt":124,"minecraft:bone":6,"minecraft:acacia_planks":23,"minecraft:wheat_seeds":9,"minecraft:acacia_trapdoor":1,"bewitchment:aconite":1,"bewitchment:mandrake_seeds":1,"minecraft:acacia_sapling":27,"twigs:twig":18,"minecraft:oak_planks":3,"minecraft:smooth_basalt":8,"promenade:duck":7,"bewitchment:salt":37,"minecraft:acacia_stairs":33,"minecraft:spider_eye":1,"naturalist:antler":1,"bewitchment:ectoplasm":2,"minecraft:oak_sapling":5,"minecraft:acacia_slab":11,"minecraft:coal":51},"minecraft:dropped":{"minecraft:wheat_seeds":7,"minecraft:dirt":17,"bewitchment:garlic":1,"minecraft:bone":2,"minecraft:stone_sword":1,"minecraft:bowl":2,"minecraft:rotten_flesh":3,"charm:acacia_chest":1,"minecraft:wooden_pickaxe":1,"minecraft:calcite":2},"minecraft:crafted":{"minecraft:oak_planks":68,"minecraft:stone_shovel":1,"minecraft:cooked_chicken":3,"minecraft:furnace":3,"minecraft:acacia_fence_gate":1,"minecraft:cobblestone_stairs":12,"variantcraftingtables:acacia_crafting_table":2,"charm:oak_chest":1,"minecraft:stone_pickaxe":3,"minecraft:chest":1,"minecraft:acacia_fence":39,"minecraft:cooked_beef":24,"minecraft:acacia_slab":12,"minecraft:wooden_pickaxe":1,"minecraft:acacia_trapdoor":2,"promenade:cooked_duck":7,"minecraft:acacia_stairs":32,"minecraft:stone_axe":2,"minecraft:acacia_boat":1,"minecraft:air":0,"charm:acacia_chest":3,"minecraft:iron_chestplate":1,"minecraft:shield":1,"inmis:plated_backpack":1,"minecraft:stick":72,"minecraft:iron_ingot":16,"minecraft:stone_sword":1,"minecraft:acacia_door":3,"inmis:frayed_backpack":1,"minecraft:acacia_planks":276,"minecraft:torch":8},"minecraft:broken":{"minecraft:stone_pickaxe":1,"minecraft:stone_axe":1},"minecraft:used":{"minecraft:stone_sword":104,"minecraft:acacia_log":21,"minecraft:stone_shovel":101,"minecraft:shield":3,"minecraft:cooked_chicken":3,"minecraft:iron_chestplate":1,"minecraft:torch":21,"minecraft:dirt":39,"minecraft:acacia_sapling":22,"minecraft:acacia_slab":20,"spectrum:guidebook":4,"variantcraftingtables:acacia_crafting_table":9,"minecraft:furnace":8,"minecraft:acacia_fence":41,"minecraft:cooked_beef":16,"minecraft:acacia_planks":75,"bewitchment:garlic":1,"minecraft:wheat_seeds":1,"minecraft:acacia_boat":2,"minecraft:diorite":2,"minecraft:cobblestone_stairs":10,"minecraft:acacia_trapdoor":2,"minecraft:stone_pickaxe":258,"minecraft:wooden_pickaxe":22,"promenade:cooked_duck":7,"minecraft:acacia_stairs":65,"minecraft:acacia_door":1,"minecraft:bread":3,"minecraft:suspicious_stew":1,"minecraft:acacia_fence_gate":1,"minecraft:stone_axe":208,"charm:acacia_chest":2,"twigs:pebble":1,"minecraft:coarse_dirt":5},"minecraft:custom":{"minecraft:mob_kills":37,"minecraft:interact_with_crafting_table":43,"minecraft:leave_game":6,"minecraft:time_since_death":123781,"minecraft:climb_one_cm":2546,"minecraft:sprint_one_cm":430900,"minecraft:walk_one_cm":387113,"minecraft:damage_blocked_by_shield":370,"minecraft:drop":23,"minecraft:play_time":202106,"minecraft:deaths":5,"minecraft:sneak_time":1752,"minecraft:walk_under_water_one_cm":271,"minecraft:boat_one_cm":35384,"minecraft:jump":3517,"minecraft:walk_on_water_one_cm":2080,"minecraft:total_world_time":202106,"minecraft:interact_with_furnace":31,"minecraft:sleep_in_bed":3,"minecraft:time_since_rest":101514,"minecraft:damage_taken":2880,"minecraft:damage_dealt":4643,"minecraft:swim_one_cm":8386,"minecraft:fly_one_cm":451457,"minecraft:open_chest":26,"minecraft:crouch_one_cm":5058,"minecraft:fall_one_cm":77612}},"DataVersion":3465}