{"stats":{"minecraft:killed_by":{"friendsandfoes:mauler":1},"minecraft:mined":{"minecraft:grass":26,"minecraft:grass_block":3,"minecraft:coarse_dirt":2},"minecraft:picked_up":{"bewitchment:garlic":1,"minecraft:coarse_dirt":2,"minecraft:wheat_seeds":5,"minecraft:dirt":3},"minecraft:dropped":{"bewitchment:garlic":1,"minecraft:wheat_seeds":2},"minecraft:used":{"minecraft:dirt":3,"minecraft:coarse_dirt":2},"minecraft:custom":{"minecraft:time_since_rest":3858,"minecraft:crouch_one_cm":8,"minecraft:sprint_one_cm":8958,"minecraft:play_time":13462,"minecraft:deaths":1,"minecraft:damage_taken":266,"minecraft:walk_one_cm":26973,"minecraft:sneak_time":26,"minecraft:drop":3,"minecraft:jump":111,"minecraft:damage_dealt":185,"minecraft:leave_game":1,"minecraft:time_since_death":3767,"minecraft:climb_one_cm":213,"minecraft:total_world_time":13462,"minecraft:fall_one_cm":1103,"minecraft:fly_one_cm":9007}},"DataVersion":3465}