{"stats":{"minecraft:killed":{"minecraft:zombie":3,"charm:moobloom":2,"spawn:ant":1,"minecraft:cow":2,"naturalist:giraffe":1,"naturalist:boar":2},"minecraft:dropped":{"bewitchment:aconite_seeds":5,"minecraft:wheat_seeds":5,"minecraft:rail":2},"minecraft:mined":{"minecraft:hay_block":10,"minecraft:white_bed":2,"variantcraftingtables:acacia_crafting_table":1,"minecraft:grass":3,"minecraft:acacia_log":15,"minecraft:coal_ore":3,"minecraft:stone":4},"minecraft:used":{"minecraft:cooked_mutton":4,"minecraft:acacia_boat":1,"minecraft:iron_axe":26,"minecraft:wooden_pickaxe":17,"minecraft:rotten_flesh":4,"minecraft:cobblestone":1,"variantcraftingtables:acacia_crafting_table":2,"minecraft:porkchop":2,"minecraft:white_bed":1},"minecraft:picked_up":{"minecraft:leather":6,"minecraft:acacia_log":14,"minecraft:porkchop":3,"minecraft:white_bed":1,"variantcraftingtables:acacia_crafting_table":1,"bewitchment:aconite_seeds":5,"mythic_charms:experience_nugget":8,"minecraft:rotten_flesh":4,"minecraft:wheat_seeds":5,"minecraft:hay_block":10,"minecraft:iron_ingot":3,"minecraft:beef":7,"minecraft:coal":3,"minecraft:rail":2,"minecraft:cobblestone":4},"minecraft:custom":{"minecraft:time_since_rest":1547,"minecraft:interact_with_furnace":10,"minecraft:sprint_one_cm":103899,"minecraft:damage_taken":621,"minecraft:walk_one_cm":53037,"minecraft:mob_kills":11,"minecraft:drop":8,"minecraft:damage_dealt":1855,"minecraft:interact_with_crafting_table":5,"minecraft:fly_one_cm":199242,"minecraft:open_chest":15,"minecraft:crouch_one_cm":1676,"minecraft:play_time":27455,"minecraft:deaths":1,"minecraft:sneak_time":359,"minecraft:boat_one_cm":17038,"minecraft:jump":867,"minecraft:leave_game":1,"minecraft:time_since_death":23007,"minecraft:walk_on_water_one_cm":2972,"minecraft:sleep_in_bed":4,"minecraft:total_world_time":27455,"minecraft:climb_one_cm":6677,"minecraft:fall_one_cm":28910},"minecraft:killed_by":{"minecraft:skeleton":1},"minecraft:crafted":{"minecraft:iron_axe":1,"minecraft:stick":8,"minecraft:wooden_pickaxe":2,"minecraft:stone_pickaxe":1,"variantcraftingtables:acacia_crafting_table":2,"minecraft:acacia_planks":56,"minecraft:air":0,"minecraft:acacia_boat":1,"minecraft:cooked_mutton":4}},"DataVersion":3465}