{"stats":{"minecraft:mined":{"minecraft:white_bed":2,"minecraft:acacia_log":15,"minecraft:grass_block":11,"minecraft:jungle_log":8,"minecraft:tall_grass":4,"minecraft:cobblestone":1,"minecraft:hay_block":10,"variantcraftingtables:acacia_crafting_table":1,"minecraft:iron_ore":1,"minecraft:wheat":17,"minecraft:yellow_bed":1,"minecraft:vine":3,"minecraft:grass":15,"minecraft:coal_ore":6,"minecraft:potatoes":1,"minecraft:oak_log":1,"minecraft:dirt":1,"minecraft:stone":4},"minecraft:killed_by":{"promenade:sunken_skeleton":1,"minecraft:player":1,"minecraft:skeleton":1,"minecraft:spider":1},"minecraft:killed":{"friendsandfoes:copper_golem":1,"minecraft:spider":1,"illagerinvasion:marauder":1,"naturalist:boar":2,"minecraft:sheep":1,"minecraft:skeleton":1,"charm:moobloom":2,"minecraft:zombie":5,"spawn:ant":1,"naturalist:giraffe":1,"minecraft:cow":2},"minecraft:picked_up":{"minecraft:wheat":1,"minecraft:jungle_log":8,"minecraft:leather":6,"minecraft:potato":4,"minecraft:oak_log":2,"minecraft:gunpowder":2,"variantcraftingtables:acacia_crafting_table":1,"minecraft:acacia_boat":1,"bewitchment:aconite_seeds":5,"minecraft:dirt":18,"minecraft:bone":2,"minecraft:wheat_seeds":32,"minecraft:iron_ingot":3,"minecraft:beef":7,"minecraft:jungle_sapling":1,"minecraft:raw_iron":1,"minecraft:copper_ingot":2,"minecraft:acacia_log":14,"minecraft:porkchop":3,"minecraft:white_bed":1,"hybrid-aquatic:clownfish":1,"bewitchment:garlic":1,"mythic_charms:experience_nugget":12,"minecraft:arrow":2,"minecraft:rotten_flesh":7,"minecraft:hay_block":10,"minecraft:emerald":1,"minecraft:coal":6,"minecraft:mutton":2,"minecraft:rail":2,"minecraft:white_wool":1,"minecraft:cobblestone":9},"minecraft:dropped":{"minecraft:wheat_seeds":32,"minecraft:wheat":1,"minecraft:rotten_flesh":3,"minecraft:copper_ingot":2,"minecraft:rail":2,"minecraft:coal":3,"minecraft:flint":1,"bewitchment:aconite_seeds":5,"farmersdelight:onion":1,"bewitchment:garlic":1,"minecraft:arrow":2,"hybrid-aquatic:clownfish":1},"minecraft:crafted":{"minecraft:cooked_beef":7,"minecraft:oak_planks":4,"minecraft:cooked_porkchop":2,"minecraft:wooden_pickaxe":2,"variantcraftingtables:acacia_crafting_table":3,"minecraft:bone_meal":6,"minecraft:bread":30,"minecraft:cooked_mutton":6,"minecraft:acacia_boat":2,"minecraft:air":0,"minecraft:jungle_planks":32,"minecraft:iron_chestplate":1,"minecraft:shield":1,"minecraft:iron_axe":1,"minecraft:stick":8,"variantcraftingtables:jungle_crafting_table":1,"minecraft:iron_ingot":1,"minecraft:stone_pickaxe":1,"minecraft:iron_leggings":1,"minecraft:acacia_planks":56,"minecraft:wheat":90},"minecraft:used":{"minecraft:cooked_mutton":4,"minecraft:acacia_boat":2,"minecraft:stone_pickaxe":5,"minecraft:wooden_pickaxe":17,"minecraft:rotten_flesh":4,"farmersdelight:onion":2,"minecraft:dirt":12,"minecraft:white_bed":1,"minecraft:iron_axe":61,"minecraft:bread":12,"minecraft:cobblestone":2,"variantcraftingtables:acacia_crafting_table":4,"minecraft:porkchop":2,"minecraft:pumpkin_pie":1,"minecraft:potato":36,"minecraft:bone_meal":6},"minecraft:custom":{"minecraft:interact_with_furnace":27,"minecraft:mob_kills":18,"minecraft:interact_with_crafting_table":12,"minecraft:leave_game":1,"minecraft:time_since_death":14624,"minecraft:sleep_in_bed":7,"minecraft:climb_one_cm":7304,"minecraft:time_since_rest":13080,"minecraft:sprint_one_cm":220169,"minecraft:damage_taken":1801,"minecraft:walk_one_cm":116079,"minecraft:drop":19,"minecraft:damage_dealt":3405,"minecraft:swim_one_cm":8656,"minecraft:fly_one_cm":413724,"minecraft:open_chest":34,"minecraft:crouch_one_cm":2226,"minecraft:play_time":64843,"minecraft:deaths":4,"minecraft:sneak_time":538,"minecraft:walk_under_water_one_cm":811,"minecraft:boat_one_cm":71845,"minecraft:jump":1877,"minecraft:walk_on_water_one_cm":31668,"minecraft:total_world_time":64843,"minecraft:fall_one_cm":63486}},"DataVersion":3465}