{"stats":{"minecraft:killed_by":{"minecraft:zombie":3},"minecraft:mined":{"minecraft:white_bed":4,"universal_ores:andesite_iron_ore":6,"universal_ores:granite_copper_ore":1,"expandeddelight:wild_peanuts":10,"minecraft:glow_lichen":1,"minecraft:granite":2,"minecraft:acacia_log":58,"minecraft:allium":1,"minecraft:grass_block":52,"twigs:twig":7,"farmersdelight:tomatoes":14,"farmersdelight:budding_tomatoes":5,"spectrum:topaz_block":9,"snowyspirit:wild_ginger":1,"farmersdelight:wild_onions":5,"minecraft:furnace":5,"universal_ores:andesite_coal_ore":12,"variantcraftingtables:acacia_crafting_table":4,"minecraft:iron_ore":21,"minecraft:andesite":25,"expandeddelight:wild_asparagus":1,"bewitchment:salt_ore":14,"minecraft:bamboo":1,"minecraft:stone":407,"universal_ores:diorite_iron_ore":1,"minecraft:acacia_leaves":1,"twigs:pebble":2,"universal_ores:granite_iron_ore":4,"minecraft:dandelion":2,"minecraft:torch":6,"bewitchment:aconite":2,"minecraft:calcite":9,"bewitchment:garlic":19,"minecraft:poppy":2,"minecraft:melon":13,"twigs:roseate_seashell":2,"minecraft:dead_bush":3,"minecraft:rose_bush":1,"spectrum:topaz_cluster":7,"minecraft:tall_grass":16,"minecraft:copper_ore":46,"minecraft:cobblestone":3,"farmersdelight:wild_tomatoes":6,"minecraft:sugar_cane":2,"minecraft:oak_planks":4,"minecraft:diorite":1,"minecraft:wall_torch":6,"supplementaries:urn":4,"bewitchment:mandrake":4,"minecraft:acacia_fence_gate":1,"minecraft:wheat":28,"diagonalfences:minecraft/acacia_fence":11,"minecraft:grass":269,"minecraft:coal_ore":40,"minecraft:cocoa":2,"minecraft:gravel":5,"minecraft:dirt":50,"minecraft:cobweb":25,"minecraft:smooth_basalt":3,"minecraft:acacia_planks":2,"minecraft:fern":3,"expandeddelight:peanut_crop":3},"minecraft:killed":{"promenade:duck":5,"minecraft:spider":1,"bewitchment:ghost":1,"minecraft:skeleton":2,"minecraft:chicken":1,"spawn:ant":1,"minecraft:pig":2,"minecraft:creeper":1,"minecraft:sheep":5,"minecraft:zombie":8,"minecraft:cow":4,"minecraft:enderman":1},"minecraft:picked_up":{"minecraft:wheat":23,"minecraft:cocoa_beans":6,"minecraft:coarse_dirt":1,"minecraft:allium":8,"minecraft:chicken":1,"twigs:roseate_seashell":2,"minecraft:wooden_pickaxe":1,"variantcraftingtables:acacia_crafting_table":4,"expandeddelight:peanut":10,"minecraft:string":25,"minecraft:raw_copper":210,"minecraft:beef":7,"twigs:pebble":5,"minecraft:acacia_fence_gate":1,"minecraft:rose_bush":2,"spectrum:topaz_block":8,"minecraft:calcite":9,"minecraft:poppy":2,"minecraft:melon_slice":64,"minecraft:sugar_cane":2,"minecraft:furnace":5,"minecraft:stick":2,"minecraft:raw_iron":32,"minecraft:acacia_fence":12,"minecraft:acacia_log":56,"minecraft:copper_ingot":47,"minecraft:torch":17,"immersive_melodies:tiny_drum":1,"twigs:bamboo_leaves":3,"minecraft:porkchop":4,"farmersdelight:tomato_seeds":26,"minecraft:diorite":1,"mythic_charms:experience_nugget":62,"bewitchment:garlic":45,"minecraft:arrow":2,"minecraft:rotten_flesh":16,"expandeddelight:asparagus":1,"farmersdelight:onion":5,"supplementaries:antique_ink":1,"bewitchment:mandrake_root":1,"supplementaries:ash":10,"spectrum:topaz_shard":28,"minecraft:mutton":10,"minecraft:white_wool":2,"minecraft:cobblestone":453,"minecraft:feather":5,"minecraft:andesite":52,"minecraft:leather":2,"minecraft:flint":1,"create:raw_zinc":2,"supplementaries:flax_seeds":2,"minecraft:gunpowder":1,"bewitchment:aconite_seeds":10,"farmersdelight:tomato":14,"minecraft:dirt":131,"minecraft:bone":4,"minecraft:acacia_planks":3,"snowyspirit:ginger_flower":1,"minecraft:bow":1,"minecraft:wheat_seeds":103,"minecraft:iron_ingot":16,"bewitchment:mandrake_seeds":7,"minecraft:bamboo":6,"twigs:twig":16,"minecraft:acacia_sapling":23,"minecraft:oak_planks":4,"minecraft:smooth_basalt":3,"promenade:duck":5,"minecraft:dandelion":2,"minecraft:gravel":4,"bewitchment:salt":20,"minecraft:white_bed":4,"minecraft:acacia_stairs":1,"minecraft:spider_eye":1,"minecraft:granite":2,"minecraft:gray_wool":1,"bewitchment:ectoplasm":2,"minecraft:oak_sapling":1,"minecraft:black_wool":2,"minecraft:coal":64},"minecraft:dropped":{"twigs:bamboo_leaves":3,"minecraft:wheat_seeds":5,"promenade:duck":4,"snowyspirit:ginger_flower":1,"bewitchment:aconite_seeds":6,"minecraft:wooden_axe":1,"minecraft:rose_bush":2,"minecraft:bone":4,"expandeddelight:asparagus":1,"minecraft:rotten_flesh":12,"bewitchment:mandrake_seeds":3,"minecraft:allium":8,"minecraft:spider_eye":1,"minecraft:arrow":2,"minecraft:wooden_pickaxe":2},"minecraft:crafted":{"minecraft:wooden_sword":1,"minecraft:oak_door":3,"minecraft:stone_shovel":1,"minecraft:cooked_chicken":1,"minecraft:furnace":1,"variantcraftingtables:acacia_crafting_table":1,"minecraft:stone_pickaxe":4,"minecraft:acacia_fence":9,"minecraft:stone_hoe":1,"minecraft:cooked_porkchop":4,"minecraft:crafting_table":1,"minecraft:wooden_pickaxe":1,"minecraft:iron_sword":1,"promenade:cooked_duck":1,"minecraft:copper_ingot":114,"minecraft:bucket":1,"minecraft:acacia_stairs":4,"minecraft:stone_axe":1,"minecraft:bread":7,"minecraft:air":0,"charm:acacia_chest":2,"minecraft:white_wool":6,"minecraft:iron_chestplate":1,"minecraft:charcoal":8,"minecraft:stick":32,"minecraft:iron_ingot":16,"minecraft:iron_pickaxe":1,"minecraft:wooden_axe":1,"minecraft:stone_sword":1,"minecraft:white_bed":3,"minecraft:acacia_planks":128,"minecraft:torch":32},"minecraft:broken":{"minecraft:stone_pickaxe":4,"minecraft:wooden_sword":1},"minecraft:used":{"minecraft:cherry_sapling":1,"minecraft:stone_sword":53,"minecraft:acacia_log":3,"minecraft:stone_shovel":56,"minecraft:poppy":2,"minecraft:iron_sword":44,"bewitchment:mandrake_seeds":4,"twigs:roseate_seashell":2,"minecraft:cooked_chicken":1,"minecraft:stone_hoe":55,"minecraft:oak_door":1,"minecraft:torch":44,"minecraft:dirt":73,"expandeddelight:peanut":10,"minecraft:acacia_sapling":23,"farmersdelight:tomato":9,"spectrum:guidebook":4,"minecraft:smooth_basalt":1,"variantcraftingtables:acacia_crafting_table":4,"minecraft:oak_sapling":1,"minecraft:furnace":6,"minecraft:acacia_fence":22,"farmersdelight:tomato_seeds":19,"minecraft:acacia_planks":6,"bewitchment:garlic":31,"minecraft:wheat_seeds":78,"minecraft:water_bucket":2,"minecraft:stone_pickaxe":533,"minecraft:wooden_pickaxe":3,"farmersdelight:onion":5,"minecraft:crafting_table":1,"minecraft:white_bed":7,"bewitchment:aconite_seeds":2,"promenade:cooked_duck":1,"minecraft:acacia_stairs":4,"minecraft:melon_slice":7,"minecraft:bread":3,"minecraft:iron_pickaxe":113,"minecraft:acacia_fence_gate":1,"minecraft:stone_axe":99,"twigs:twig":9,"minecraft:wooden_sword":62,"minecraft:cobblestone":2,"charm:acacia_chest":2,"minecraft:cooked_porkchop":4,"minecraft:bucket":2,"twigs:pebble":2,"minecraft:dandelion":2},"minecraft:custom":{"minecraft:mob_kills":32,"minecraft:interact_with_crafting_table":49,"minecraft:leave_game":6,"minecraft:time_since_death":25048,"minecraft:climb_one_cm":8093,"minecraft:sprint_one_cm":457825,"minecraft:walk_one_cm":562593,"minecraft:drop":36,"minecraft:play_time":206163,"minecraft:walk_under_water_one_cm":36,"minecraft:sneak_time":787,"minecraft:deaths":4,"minecraft:jump":2091,"minecraft:walk_on_water_one_cm":723,"minecraft:total_world_time":206163,"minecraft:interact_with_furnace":61,"minecraft:sleep_in_bed":5,"minecraft:time_since_rest":11746,"minecraft:damage_taken":1608,"minecraft:damage_dealt":5005,"minecraft:fly_one_cm":339863,"minecraft:open_chest":145,"minecraft:crouch_one_cm":2161,"minecraft:fall_one_cm":55630}},"DataVersion":3465}