{"stats":{"minecraft:mined":{"minecraft:grass":64,"minecraft:acacia_log":3,"minecraft:grass_block":5,"twigs:pebble":1},"minecraft:killed":{"minecraft:skeleton":1},"minecraft:picked_up":{"bewitchment:garlic":1,"minecraft:bone":4,"minecraft:wheat_seeds":9,"immersive_melodies:tiny_drum":1,"twigs:pebble":1,"bewitchment:aconite_seeds":3,"minecraft:acacia_sapling":1,"minecraft:dirt":5},"minecraft:dropped":{"bewitchment:aconite_seeds":1,"minecraft:wheat_seeds":3,"minecraft:bone":4},"minecraft:used":{"bewitchment:garlic":1,"minecraft:dirt":5,"minecraft:acacia_sapling":1,"twigs:pebble":1},"minecraft:custom":{"minecraft:time_since_rest":20940,"minecraft:play_time":20940,"minecraft:sprint_one_cm":35233,"minecraft:damage_taken":190,"minecraft:walk_one_cm":28198,"minecraft:mob_kills":1,"minecraft:drop":5,"minecraft:jump":209,"minecraft:damage_dealt":221,"minecraft:leave_game":4,"minecraft:time_since_death":20940,"minecraft:climb_one_cm":12,"minecraft:total_world_time":20940,"minecraft:fall_one_cm":7025,"minecraft:fly_one_cm":46048}},"DataVersion":3465}