{"stats":{"minecraft:killed_by":{"minecraft:creeper":2,"minecraft:zombie":3},"minecraft:mined":{"winterly:raw_cryomarble_shard":2,"minecraft:tuff":15,"minecraft:white_bed":4,"minecraft:farmland":6,"minecraft:deepslate_diamond_ore":1,"universal_ores:andesite_iron_ore":8,"minecraft:cobblestone_stairs":3,"universal_ores:granite_copper_ore":1,"minecraft:cave_vines_plant":1,"expandeddelight:wild_peanuts":10,"minecraft:carved_pumpkin":1,"minecraft:glow_lichen":1,"minecraft:granite":2,"minecraft:allium":1,"minecraft:acacia_log":58,"universal_ores:tuff_gold_ore":1,"minecraft:grass_block":98,"twigs:twig":7,"farmersdelight:budding_tomatoes":5,"spectrum:topaz_block":9,"farmersdelight:tomatoes":14,"snowyspirit:wild_ginger":1,"farmersdelight:wild_onions":5,"minecraft:redstone_ore":2,"universal_ores:andesite_coal_ore":32,"minecraft:furnace":5,"variantcraftingtables:acacia_crafting_table":4,"minecraft:iron_ore":48,"minecraft:andesite":26,"minecraft:acacia_stairs":1,"minecraft:pumpkin":1,"expandeddelight:wild_asparagus":1,"minecraft:vine":2,"bewitchment:salt_ore":14,"minecraft:cave_vines":1,"minecraft:deepslate_iron_ore":24,"minecraft:rail":1,"minecraft:bamboo":1,"minecraft:stone":417,"create:veridium":10,"minecraft:tripwire":2,"universal_ores:diorite_iron_ore":1,"minecraft:deepslate_redstone_ore":1,"minecraft:acacia_leaves":1,"twigs:pebble":2,"minecraft:amethyst_cluster":2,"universal_ores:granite_iron_ore":4,"minecraft:dandelion":2,"minecraft:oak_fence":1,"minecraft:torch":15,"bewitchment:aconite":2,"minecraft:calcite":12,"bewitchment:garlic":19,"minecraft:poppy":2,"minecraft:melon":14,"twigs:roseate_seashell":2,"minecraft:rose_bush":1,"minecraft:dead_bush":3,"spectrum:topaz_cluster":7,"twigs:petrified_lichen":2,"minecraft:copper_ore":46,"minecraft:lightning_rod":1,"minecraft:tall_grass":16,"minecraft:cobblestone":14,"farmersdelight:wild_tomatoes":6,"universal_ores:tuff_coal_ore":3,"minecraft:deepslate_gold_ore":2,"minecraft:lapis_ore":1,"minecraft:oak_planks":5,"minecraft:sugar_cane":2,"minecraft:diorite":8,"minecraft:wall_torch":13,"minecraft:amethyst_block":3,"minecraft:deepslate_copper_ore":2,"supplementaries:urn":5,"bewitchment:mandrake":4,"minecraft:acacia_fence_gate":1,"minecraft:wheat":75,"minecraft:pumpkin_stem":2,"diagonalfences:minecraft/acacia_fence":43,"minecraft:copper_block":1,"minecraft:grass":288,"minecraft:coal_ore":77,"minecraft:cocoa":2,"minecraft:gravel":7,"minecraft:dirt":62,"minecraft:cobweb":29,"minecraft:smooth_basalt":5,"minecraft:cracked_stone_bricks":1,"minecraft:acacia_planks":2,"minecraft:stone_bricks":1,"minecraft:gold_ore":2,"minecraft:mossy_stone_bricks":1,"minecraft:deepslate":2,"expandeddelight:peanut_crop":3,"minecraft:fern":4},"minecraft:killed":{"promenade:duck":5,"minecraft:spider":2,"bewitchment:ghost":2,"minecraft:skeleton":6,"minecraft:horse":5,"minecraft:chicken":1,"spawn:ant":1,"minecraft:husk":1,"minecraft:pig":3,"minecraft:creeper":2,"minecraft:sheep":5,"minecraft:zombie":12,"minecraft:enderman":1,"minecraft:cow":5},"minecraft:picked_up":{"minecraft:cocoa_beans":6,"minecraft:wheat":69,"minecraft:coarse_dirt":7,"minecraft:allium":8,"twigs:petrified_lichen":2,"minecraft:chicken":1,"twigs:roseate_seashell":2,"minecraft:wooden_pickaxe":1,"variantcraftingtables:acacia_crafting_table":4,"minecraft:amethyst_block":3,"expandeddelight:peanut":10,"minecraft:string":30,"minecraft:raw_copper":216,"minecraft:cracked_stone_bricks":1,"minecraft:cobbled_deepslate":1,"twigs:pebble":5,"minecraft:acacia_fence_gate":1,"minecraft:beef":9,"minecraft:rose_bush":2,"spectrum:topaz_block":8,"minecraft:calcite":12,"minecraft:poppy":2,"minecraft:melon_slice":68,"minecraft:sugar_cane":2,"minecraft:furnace":5,"minecraft:stick":2,"minecraft:raw_iron":85,"minecraft:acacia_fence":45,"minecraft:copper_ingot":47,"minecraft:oak_fence":1,"minecraft:torch":39,"immersive_melodies:tiny_drum":1,"minecraft:acacia_log":56,"twigs:bamboo_leaves":3,"minecraft:porkchop":6,"minecraft:lightning_rod":1,"farmersdelight:tomato_seeds":26,"minecraft:diorite":8,"minecraft:redstone":13,"bewitchment:garlic":45,"mythic_charms:experience_nugget":101,"minecraft:arrow":4,"minecraft:rotten_flesh":20,"expandeddelight:asparagus":1,"farmersdelight:onion":5,"supplementaries:antique_ink":1,"minecraft:carved_pumpkin":1,"create:veridium":10,"minecraft:glow_berries":1,"bewitchment:mandrake_root":1,"supplementaries:ash":10,"spectrum:topaz_shard":28,"minecraft:mutton":10,"minecraft:rail":3,"minecraft:white_wool":2,"minecraft:cobblestone":475,"minecraft:feather":5,"minecraft:andesite":53,"minecraft:leather":7,"minecraft:copper_block":1,"minecraft:flint":1,"minecraft:tuff":15,"create:raw_zinc":2,"supplementaries:flax_seeds":2,"minecraft:gunpowder":1,"minecraft:cobblestone_stairs":3,"bewitchment:aconite_seeds":12,"minecraft:lapis_lazuli":6,"farmersdelight:tomato":14,"minecraft:dirt":238,"minecraft:bone":10,"minecraft:acacia_planks":3,"minecraft:stone_bricks":1,"snowyspirit:ginger_flower":1,"minecraft:bow":1,"minecraft:wheat_seeds":237,"minecraft:raw_gold":5,"bewitchment:mandrake_seeds":7,"minecraft:iron_ingot":16,"minecraft:mossy_stone_bricks":1,"minecraft:bamboo":6,"twigs:twig":16,"minecraft:oak_planks":5,"minecraft:acacia_sapling":23,"minecraft:smooth_basalt":5,"minecraft:pumpkin":1,"promenade:duck":5,"minecraft:dandelion":2,"minecraft:gravel":6,"minecraft:sand":1,"minecraft:amethyst_shard":8,"bewitchment:salt":24,"minecraft:white_bed":4,"winterly:cryomarble_shard":2,"minecraft:acacia_stairs":1,"minecraft:spider_eye":1,"minecraft:pumpkin_seeds":7,"minecraft:diamond":1,"minecraft:granite":2,"minecraft:gray_wool":1,"minecraft:emerald":5,"bewitchment:ectoplasm":2,"minecraft:oak_sapling":1,"minecraft:melon_seeds":4,"minecraft:black_wool":2,"minecraft:coal":121},"minecraft:crafted":{"minecraft:wooden_sword":1,"minecraft:oak_door":3,"minecraft:stone_shovel":1,"minecraft:cooked_chicken":1,"minecraft:lightning_rod":1,"minecraft:furnace":1,"minecraft:cobblestone_stairs":8,"variantcraftingtables:acacia_crafting_table":1,"minecraft:bone_meal":33,"minecraft:cooked_mutton":6,"minecraft:melon_seeds":1,"minecraft:stone_pickaxe":4,"minecraft:acacia_fence":24,"minecraft:copper_block":1,"minecraft:stone_hoe":2,"minecraft:cooked_porkchop":4,"minecraft:crafting_table":1,"minecraft:wooden_pickaxe":1,"minecraft:iron_sword":1,"promenade:cooked_duck":1,"minecraft:copper_ingot":114,"minecraft:bucket":1,"minecraft:acacia_stairs":4,"minecraft:stone_axe":1,"minecraft:bread":16,"minecraft:air":0,"charm:acacia_chest":4,"minecraft:white_wool":6,"minecraft:iron_chestplate":1,"minecraft:charcoal":8,"minecraft:stick":48,"minecraft:iron_ingot":45,"minecraft:iron_pickaxe":2,"minecraft:wooden_axe":1,"minecraft:stone_sword":1,"minecraft:white_bed":3,"minecraft:acacia_planks":144,"minecraft:torch":32,"minecraft:shears":1},"minecraft:dropped":{"twigs:bamboo_leaves":3,"minecraft:wheat_seeds":5,"promenade:duck":4,"snowyspirit:ginger_flower":1,"bewitchment:aconite_seeds":6,"minecraft:dirt":12,"minecraft:diorite":5,"minecraft:wooden_axe":1,"minecraft:rose_bush":2,"minecraft:bone":4,"expandeddelight:asparagus":1,"minecraft:coarse_dirt":6,"minecraft:rotten_flesh":12,"bewitchment:mandrake_seeds":3,"minecraft:allium":8,"minecraft:spider_eye":1,"minecraft:arrow":3,"minecraft:wooden_pickaxe":2},"minecraft:broken":{"minecraft:stone_hoe":1,"minecraft:stone_pickaxe":4,"minecraft:wooden_sword":1,"minecraft:iron_pickaxe":1},"minecraft:used":{"minecraft:oak_fence":1,"minecraft:cherry_sapling":1,"minecraft:stone_sword":53,"minecraft:acacia_log":3,"minecraft:stone_shovel":56,"minecraft:poppy":2,"minecraft:iron_sword":141,"minecraft:cooked_chicken":1,"minecraft:stone_hoe":187,"bewitchment:mandrake_seeds":4,"twigs:roseate_seashell":2,"minecraft:oak_door":1,"minecraft:torch":67,"minecraft:dirt":159,"expandeddelight:peanut":10,"minecraft:acacia_sapling":23,"twigs:petrified_lichen":2,"farmersdelight:tomato":9,"spectrum:guidebook":5,"minecraft:smooth_basalt":1,"minecraft:melon_seeds":9,"minecraft:stone_bricks":1,"variantcraftingtables:acacia_crafting_table":4,"minecraft:oak_sapling":1,"minecraft:furnace":6,"minecraft:acacia_fence":72,"farmersdelight:tomato_seeds":19,"minecraft:cobbled_deepslate":1,"minecraft:acacia_planks":6,"minecraft:pumpkin":1,"bewitchment:garlic":31,"minecraft:wheat_seeds":211,"minecraft:water_bucket":16,"minecraft:mossy_stone_bricks":1,"minecraft:diorite":1,"minecraft:cobblestone_stairs":7,"minecraft:stone_pickaxe":533,"minecraft:oak_planks":1,"minecraft:copper_block":1,"minecraft:wooden_pickaxe":3,"minecraft:white_bed":7,"minecraft:cracked_stone_bricks":1,"minecraft:pumpkin_seeds":9,"farmersdelight:onion":5,"minecraft:glow_berries":6,"promenade:cooked_duck":1,"bewitchment:aconite_seeds":2,"minecraft:crafting_table":1,"minecraft:shears":1,"minecraft:lightning_rod":1,"minecraft:acacia_stairs":5,"minecraft:iron_pickaxe":324,"minecraft:melon_slice":35,"minecraft:bread":17,"minecraft:string":1,"minecraft:gravel":2,"minecraft:acacia_fence_gate":1,"minecraft:stone_axe":136,"twigs:twig":9,"minecraft:wooden_sword":62,"minecraft:cobblestone":45,"charm:acacia_chest":4,"minecraft:cooked_porkchop":4,"minecraft:bucket":16,"minecraft:dandelion":2,"twigs:pebble":2,"minecraft:bone_meal":32},"minecraft:custom":{"minecraft:mob_kills":53,"minecraft:interact_with_crafting_table":58,"minecraft:open_barrel":2,"minecraft:leave_game":10,"minecraft:time_since_death":88539,"minecraft:climb_one_cm":16964,"minecraft:sprint_one_cm":824166,"minecraft:walk_one_cm":829810,"minecraft:drop":43,"minecraft:play_time":318285,"minecraft:sneak_time":1435,"minecraft:deaths":6,"minecraft:walk_under_water_one_cm":2659,"minecraft:jump":3220,"minecraft:walk_on_water_one_cm":10020,"minecraft:total_world_time":318285,"minecraft:interact_with_furnace":79,"minecraft:sleep_in_bed":12,"minecraft:time_since_rest":2987,"minecraft:damage_taken":2913,"minecraft:damage_dealt":9651,"minecraft:swim_one_cm":3862,"minecraft:fly_one_cm":551126,"minecraft:open_chest":215,"minecraft:crouch_one_cm":3204,"minecraft:fall_one_cm":88966}},"DataVersion":3465}