{"stats":{"minecraft:killed_by":{"minecraft:creeper":2,"minecraft:zombie":3,"illagerinvasion:marauder":1},"minecraft:mined":{"winterly:raw_cryomarble_shard":2,"minecraft:white_bed":4,"minecraft:farmland":6,"minecraft:cobblestone_stairs":3,"universal_ores:granite_copper_ore":1,"minecraft:carved_pumpkin":1,"minecraft:cave_vines_plant":2,"minecraft:granite":2,"minecraft:acacia_log":58,"universal_ores:tuff_gold_ore":1,"minecraft:grass_block":120,"minecraft:jungle_log":12,"twigs:twig":7,"farmersdelight:budding_tomatoes":5,"universal_ores:andesite_coal_ore":32,"variantcraftingtables:acacia_crafting_table":4,"minecraft:iron_ore":48,"minecraft:pumpkin":1,"minecraft:cave_vines":1,"create:veridium":10,"minecraft:tripwire":2,"universal_ores:diorite_iron_ore":1,"minecraft:deepslate_redstone_ore":1,"minecraft:amethyst_cluster":2,"universal_ores:granite_iron_ore":4,"minecraft:torch":16,"minecraft:calcite":12,"minecraft:poppy":2,"minecraft:melon":15,"minecraft:dead_bush":3,"minecraft:cobblestone":14,"minecraft:sugar_cane":2,"minecraft:oak_planks":5,"minecraft:wall_torch":13,"minecraft:amethyst_block":3,"minecraft:deepslate_copper_ore":2,"minecraft:wheat":171,"minecraft:pumpkin_stem":2,"minecraft:copper_block":1,"minecraft:grass":300,"minecraft:dirt":77,"minecraft:smooth_basalt":5,"minecraft:deepslate":2,"expandeddelight:peanut_crop":3,"minecraft:tuff":15,"minecraft:deepslate_diamond_ore":1,"universal_ores:andesite_iron_ore":8,"expandeddelight:wild_peanuts":10,"minecraft:glow_lichen":1,"minecraft:allium":1,"farmersdelight:tomatoes":14,"spectrum:topaz_block":9,"snowyspirit:wild_ginger":1,"farmersdelight:wild_onions":5,"minecraft:redstone_ore":2,"minecraft:furnace":5,"minecraft:acacia_stairs":1,"minecraft:andesite":26,"minecraft:rail":1,"minecraft:potatoes":1,"minecraft:vine":3,"minecraft:deepslate_iron_ore":24,"expandeddelight:wild_asparagus":1,"bewitchment:salt_ore":14,"minecraft:bamboo":1,"minecraft:stone":418,"minecraft:acacia_leaves":1,"twigs:pebble":2,"minecraft:dandelion":2,"minecraft:oak_fence":1,"bewitchment:aconite":2,"bewitchment:garlic":19,"twigs:roseate_seashell":2,"minecraft:rose_bush":1,"spectrum:topaz_cluster":7,"friendsandfoes:copper_button":3,"twigs:petrified_lichen":2,"minecraft:tall_grass":17,"minecraft:lightning_rod":1,"minecraft:copper_ore":46,"minecraft:deepslate_gold_ore":2,"farmersdelight:wild_tomatoes":6,"minecraft:lapis_ore":1,"universal_ores:tuff_coal_ore":3,"minecraft:diorite":8,"supplementaries:urn":5,"bewitchment:mandrake":4,"minecraft:coarse_dirt":3,"minecraft:acacia_fence_gate":1,"diagonalfences:minecraft/acacia_fence":43,"minecraft:coal_ore":77,"minecraft:cocoa":2,"minecraft:gravel":7,"minecraft:cobweb":29,"minecraft:cracked_stone_bricks":1,"minecraft:acacia_planks":2,"minecraft:oak_button":13,"minecraft:stone_bricks":1,"minecraft:mossy_stone_bricks":1,"minecraft:gold_ore":2,"minecraft:fern":4},"minecraft:killed":{"minecraft:spider":2,"bewitchment:toad":1,"minecraft:skeleton":7,"minecraft:chicken":1,"spawn:ant":1,"minecraft:pig":3,"minecraft:creeper":3,"minecraft:sheep":5,"minecraft:pillager":1,"minecraft:zombie":12,"minecraft:cow":5,"promenade:duck":5,"bewitchment:ghost":2,"minecraft:horse":5,"minecraft:husk":1,"hybrid-aquatic:barrel_jellyfish":1,"minecraft:player":1,"minecraft:enderman":1},"minecraft:picked_up":{"minecraft:wheat":76,"twigs:roseate_seashell":2,"minecraft:amethyst_block":3,"minecraft:raw_copper":216,"expandeddelight:peanut":10,"minecraft:string":30,"minecraft:cobbled_deepslate":1,"twigs:pebble":5,"minecraft:acacia_fence_gate":1,"minecraft:rose_bush":2,"minecraft:calcite":12,"minecraft:melon_slice":74,"minecraft:furnace":5,"minecraft:stick":2,"minecraft:acacia_fence":45,"minecraft:oak_fence":1,"minecraft:torch":39,"minecraft:acacia_log":56,"twigs:bamboo_leaves":3,"minecraft:porkchop":6,"minecraft:lightning_rod":1,"minecraft:diorite":8,"hybrid-aquatic:clownfish":1,"minecraft:rotten_flesh":22,"farmersdelight:onion":6,"supplementaries:antique_ink":1,"minecraft:carved_pumpkin":1,"create:veridium":10,"supplementaries:ash":10,"bewitchment:mandrake_root":1,"spectrum:topaz_shard":28,"minecraft:cobblestone":475,"minecraft:feather":5,"minecraft:andesite":53,"minecraft:jungle_log":12,"minecraft:copper_block":1,"minecraft:potato":5,"minecraft:flint":2,"minecraft:tuff":15,"create:raw_zinc":2,"supplementaries:flax_seeds":2,"minecraft:dirt":282,"minecraft:lapis_lazuli":6,"farmersdelight:tomato":14,"minecraft:bone":10,"minecraft:acacia_planks":3,"snowyspirit:ginger_flower":1,"minecraft:bow":1,"minecraft:wheat_seeds":361,"minecraft:raw_gold":5,"minecraft:mossy_stone_bricks":1,"minecraft:bamboo":6,"twigs:twig":16,"minecraft:oak_planks":5,"friendsandfoes:copper_button":3,"promenade:duck":5,"minecraft:sand":1,"minecraft:acacia_stairs":1,"winterly:cryomarble_shard":2,"minecraft:diamond":1,"minecraft:crossbow":2,"minecraft:granite":2,"minecraft:emerald":6,"bewitchment:ectoplasm":2,"minecraft:oak_sapling":1,"twigs:petrified_lichen":2,"minecraft:cocoa_beans":6,"minecraft:allium":8,"minecraft:coarse_dirt":10,"minecraft:chicken":1,"minecraft:wooden_pickaxe":1,"variantcraftingtables:acacia_crafting_table":4,"minecraft:cracked_stone_bricks":1,"minecraft:beef":9,"spectrum:topaz_block":8,"minecraft:poppy":2,"minecraft:sugar_cane":2,"minecraft:raw_iron":85,"minecraft:copper_ingot":47,"immersive_melodies:tiny_drum":1,"farmersdelight:tomato_seeds":26,"minecraft:redstone":13,"expandeddelight:asparagus":1,"minecraft:arrow":10,"mythic_charms:experience_nugget":108,"bewitchment:garlic":45,"minecraft:mutton":10,"minecraft:glow_berries":2,"minecraft:white_wool":2,"minecraft:rail":3,"minecraft:jungle_boat":1,"minecraft:leather":7,"minecraft:gunpowder":1,"minecraft:cobblestone_stairs":3,"hybrid-aquatic:dungeness_crab_claw":1,"bewitchment:aconite_seeds":12,"minecraft:stone_bricks":1,"bewitchment:mandrake_seeds":7,"minecraft:iron_ingot":16,"minecraft:acacia_sapling":23,"minecraft:smooth_basalt":5,"minecraft:pumpkin":1,"minecraft:dandelion":2,"minecraft:gravel":6,"bewitchment:belladonna_seeds":1,"minecraft:amethyst_shard":8,"bewitchment:salt":24,"minecraft:white_bed":5,"minecraft:spider_eye":1,"minecraft:pumpkin_seeds":7,"minecraft:gray_wool":1,"minecraft:oak_button":12,"minecraft:black_wool":2,"minecraft:melon_seeds":4,"minecraft:coal":124},"minecraft:crafted":{"minecraft:cooked_chicken":1,"minecraft:lightning_rod":1,"minecraft:cobblestone_stairs":8,"variantcraftingtables:acacia_crafting_table":1,"minecraft:cooked_mutton":6,"minecraft:melon_seeds":1,"variantcraftingtables:jungle_crafting_table":1,"minecraft:acacia_fence":24,"minecraft:oak_button":4,"minecraft:copper_block":1,"minecraft:stone_hoe":2,"minecraft:golden_boots":1,"minecraft:cooked_porkchop":4,"minecraft:crafting_table":1,"minecraft:jungle_boat":2,"minecraft:wooden_pickaxe":1,"minecraft:iron_helmet":1,"promenade:cooked_duck":1,"minecraft:copper_ingot":120,"charm:acacia_chest":4,"minecraft:iron_chestplate":1,"minecraft:charcoal":8,"minecraft:shield":1,"minecraft:stick":48,"minecraft:iron_pickaxe":2,"minecraft:iron_ingot":45,"minecraft:stone_sword":1,"minecraft:gold_ingot":4,"minecraft:shears":1,"minecraft:wooden_sword":1,"minecraft:oak_door":3,"minecraft:stone_shovel":1,"minecraft:furnace":1,"minecraft:bone_meal":33,"minecraft:iron_axe":1,"minecraft:stone_pickaxe":4,"friendsandfoes:copper_button":2,"minecraft:iron_sword":1,"minecraft:bucket":1,"minecraft:acacia_stairs":4,"minecraft:stone_axe":1,"minecraft:bread":16,"minecraft:air":0,"minecraft:jungle_planks":16,"minecraft:white_wool":6,"minecraft:wooden_axe":1,"minecraft:white_bed":3,"minecraft:acacia_planks":144,"minecraft:torch":32},"minecraft:dropped":{"minecraft:crossbow":2,"promenade:duck":4,"snowyspirit:ginger_flower":1,"minecraft:flint":1,"bewitchment:aconite_seeds":6,"minecraft:dirt":12,"bewitchment:belladonna_seeds":1,"minecraft:bone":4,"minecraft:rotten_flesh":14,"minecraft:arrow":6,"twigs:bamboo_leaves":3,"minecraft:wheat_seeds":7,"minecraft:coal":3,"minecraft:diorite":5,"minecraft:wooden_axe":1,"minecraft:rose_bush":2,"expandeddelight:asparagus":1,"minecraft:coarse_dirt":6,"bewitchment:mandrake_seeds":3,"minecraft:allium":8,"minecraft:spider_eye":1,"minecraft:wooden_pickaxe":2},"minecraft:broken":{"minecraft:stone_pickaxe":4,"minecraft:wooden_sword":1,"minecraft:stone_hoe":1,"minecraft:iron_pickaxe":1},"minecraft:used":{"minecraft:cherry_sapling":1,"minecraft:poppy":2,"minecraft:iron_sword":163,"twigs:roseate_seashell":2,"expandeddelight:peanut":10,"minecraft:acacia_sapling":23,"farmersdelight:tomato":9,"minecraft:stone_bricks":1,"variantcraftingtables:acacia_crafting_table":4,"minecraft:furnace":6,"minecraft:oak_sapling":1,"minecraft:acacia_fence":73,"minecraft:potato":5,"bewitchment:garlic":31,"minecraft:mossy_stone_bricks":1,"minecraft:diorite":1,"minecraft:stone_pickaxe":533,"minecraft:oak_planks":1,"minecraft:wooden_pickaxe":3,"minecraft:sugar_cane":2,"minecraft:jungle_boat":2,"minecraft:glow_berries":7,"minecraft:crossbow":1,"minecraft:shears":1,"bewitchment:aconite_seeds":2,"minecraft:pumpkin_seeds":9,"promenade:cooked_duck":1,"variantcraftingtables:jungle_crafting_table":1,"minecraft:lightning_rod":2,"minecraft:bread":21,"minecraft:melon_slice":37,"minecraft:string":1,"minecraft:gravel":2,"minecraft:wooden_sword":62,"friendsandfoes:copper_button":5,"minecraft:coarse_dirt":3,"minecraft:bone_meal":32,"minecraft:oak_fence":1,"minecraft:stone_sword":53,"minecraft:acacia_log":3,"minecraft:carved_pumpkin":1,"minecraft:stone_shovel":56,"bewitchment:mandrake_seeds":4,"minecraft:stone_hoe":187,"minecraft:cooked_chicken":1,"minecraft:oak_door":1,"minecraft:torch":67,"minecraft:dirt":203,"twigs:petrified_lichen":2,"minecraft:iron_axe":15,"spectrum:guidebook":5,"minecraft:melon_seeds":9,"minecraft:smooth_basalt":1,"farmersdelight:tomato_seeds":19,"minecraft:acacia_planks":6,"minecraft:cobbled_deepslate":1,"minecraft:pumpkin":1,"minecraft:wheat_seeds":215,"minecraft:cooked_mutton":3,"minecraft:water_bucket":16,"minecraft:cobblestone_stairs":7,"minecraft:copper_block":2,"minecraft:cracked_stone_bricks":1,"farmersdelight:onion":6,"minecraft:crafting_table":1,"minecraft:white_bed":8,"minecraft:acacia_stairs":5,"minecraft:oak_button":12,"minecraft:iron_pickaxe":340,"minecraft:acacia_fence_gate":1,"minecraft:stone_axe":136,"twigs:twig":9,"minecraft:cobblestone":46,"charm:acacia_chest":4,"minecraft:cooked_porkchop":4,"minecraft:bucket":16,"twigs:pebble":2,"minecraft:dandelion":2},"minecraft:custom":{"minecraft:interact_with_crafting_table":66,"minecraft:open_barrel":2,"minecraft:leave_game":13,"minecraft:time_since_death":16101,"minecraft:sprint_one_cm":979900,"minecraft:drop":54,"minecraft:play_time":360720,"minecraft:deaths":7,"minecraft:jump":3676,"minecraft:walk_on_water_one_cm":12290,"minecraft:interact_with_furnace":92,"minecraft:sleep_in_bed":16,"minecraft:damage_dealt":10590,"minecraft:player_kills":1,"minecraft:crouch_one_cm":3444,"minecraft:mob_kills":58,"minecraft:climb_one_cm":17508,"minecraft:walk_one_cm":911964,"minecraft:sneak_time":1543,"minecraft:walk_under_water_one_cm":4183,"minecraft:boat_one_cm":16678,"minecraft:total_world_time":360720,"minecraft:time_since_rest":16169,"minecraft:damage_taken":3448,"minecraft:swim_one_cm":3862,"minecraft:fly_one_cm":662224,"minecraft:open_chest":270,"minecraft:fall_one_cm":107148}},"DataVersion":3465}