{"stats":{"minecraft:mined":{"minecraft:grass":20,"minecraft:acacia_log":3,"minecraft:grass_block":5,"twigs:pebble":1},"minecraft:killed":{"minecraft:skeleton":1},"minecraft:picked_up":{"bewitchment:garlic":1,"minecraft:bone":4,"minecraft:wheat_seeds":3,"immersive_melodies:tiny_drum":1,"twigs:pebble":1,"bewitchment:aconite_seeds":1,"minecraft:acacia_sapling":1,"minecraft:dirt":5},"minecraft:dropped":{"bewitchment:aconite_seeds":1,"minecraft:wheat_seeds":3,"minecraft:bone":4},"minecraft:used":{"minecraft:dirt":5,"minecraft:acacia_sapling":1,"twigs:pebble":1},"minecraft:custom":{"minecraft:time_since_rest":19313,"minecraft:sprint_one_cm":31662,"minecraft:play_time":19313,"minecraft:damage_taken":170,"minecraft:walk_one_cm":22880,"minecraft:mob_kills":1,"minecraft:drop":5,"minecraft:jump":180,"minecraft:damage_dealt":221,"minecraft:leave_game":4,"minecraft:time_since_death":19313,"minecraft:climb_one_cm":12,"minecraft:total_world_time":19313,"minecraft:fall_one_cm":5576,"minecraft:fly_one_cm":40552}},"DataVersion":3465}