{"stats":{"minecraft:mined":{"minecraft:grass":17,"minecraft:grass_block":5,"twigs:pebble":1},"minecraft:killed":{"minecraft:skeleton":1},"minecraft:picked_up":{"minecraft:bone":2,"minecraft:wheat_seeds":3,"immersive_melodies:tiny_drum":1,"twigs:pebble":1,"bewitchment:aconite_seeds":1,"minecraft:acacia_sapling":1,"minecraft:dirt":5},"minecraft:dropped":{"bewitchment:aconite_seeds":1,"minecraft:wheat_seeds":3},"minecraft:used":{"minecraft:dirt":5,"minecraft:acacia_sapling":1,"twigs:pebble":1},"minecraft:custom":{"minecraft:time_since_rest":15698,"minecraft:sprint_one_cm":27116,"minecraft:play_time":15698,"minecraft:damage_taken":160,"minecraft:walk_one_cm":11633,"minecraft:mob_kills":1,"minecraft:drop":3,"minecraft:jump":162,"minecraft:damage_dealt":221,"minecraft:leave_game":3,"minecraft:time_since_death":15698,"minecraft:climb_one_cm":12,"minecraft:total_world_time":15698,"minecraft:fall_one_cm":4949,"minecraft:fly_one_cm":34912}},"DataVersion":3465}