{"stats":{"minecraft:custom":{"minecraft:time_since_rest":11136,"minecraft:sprint_one_cm":17682,"minecraft:play_time":11136,"minecraft:damage_taken":50,"minecraft:walk_one_cm":7496,"minecraft:drop":3,"minecraft:jump":102,"minecraft:damage_dealt":16,"minecraft:leave_game":2,"minecraft:time_since_death":11136,"minecraft:total_world_time":11136,"minecraft:fall_one_cm":2972,"minecraft:fly_one_cm":20238},"minecraft:mined":{"minecraft:grass":17,"minecraft:grass_block":5,"twigs:pebble":1},"minecraft:used":{"minecraft:dirt":5,"minecraft:acacia_sapling":1,"twigs:pebble":1},"minecraft:picked_up":{"minecraft:wheat_seeds":3,"twigs:pebble":1,"bewitchment:aconite_seeds":1,"minecraft:acacia_sapling":1,"minecraft:dirt":5},"minecraft:dropped":{"bewitchment:aconite_seeds":1,"minecraft:wheat_seeds":3}},"DataVersion":3465}